Id,Label,Type
AT1G01060,AT1G01060,MYB_related
AT1G01100,AT1G01100,other
AT1G01240,AT1G01240,other
AT1G01260,AT1G01260,bHLH
AT1G01550,AT1G01550,other
AT1G01650,AT1G01650,other
AT1G01830,AT1G01830,other
AT1G01940,AT1G01940,other
AT1G02820,AT1G02820,other
AT1G02840,AT1G02840,other
AT1G02860,AT1G02860,other
AT1G02870,AT1G02870,other
AT1G03030,AT1G03030,other
AT1G03070,AT1G03070,other
AT1G03180,AT1G03180,other
AT1G03250,AT1G03250,other
AT1G03290,AT1G03290,other
AT1G03370,AT1G03370,other
AT1G03410,AT1G03410,other
AT1G03470,AT1G03470,other
AT1G03530,AT1G03530,other
AT1G03540,AT1G03540,other
AT1G03620,AT1G03620,other
AT1G03630,AT1G03630,other
AT1G03840,AT1G03840,other
AT1G03905,AT1G03905,other
AT1G03940,AT1G03940,other
AT1G04080,AT1G04080,other
AT1G04130,AT1G04130,other
AT1G04635,AT1G04635,other
AT1G04945,AT1G04945,other
AT1G05360,AT1G05360,other
AT1G05600,AT1G05600,other
AT1G05860,AT1G05860,other
AT1G06135,AT1G06135,other
AT1G06160,AT1G06160,ERF
AT1G06320,AT1G06320,other
AT1G06570,AT1G06570,other
AT1G06780,AT1G06780,other
AT1G06960,AT1G06960,other
AT1G07000,AT1G07000,other
AT1G07119,AT1G07119,other
AT1G07160,AT1G07160,other
AT1G07320,AT1G07320,other
AT1G07500,AT1G07500,other
AT1G07740,AT1G07740,other
AT1G07820,AT1G07820,other
AT1G08090,AT1G08090,other
AT1G08170,AT1G08170,other
AT1G08410,AT1G08410,other
AT1G08450,AT1G08450,other
AT1G08500,AT1G08500,other
AT1G08570,AT1G08570,other
AT1G08840,AT1G08840,other
AT1G09530,AT1G09530,bHLH
AT1G10090,AT1G10090,other
AT1G10270,AT1G10270,other
AT1G10320,AT1G10320,other
AT1G10370,AT1G10370,other
AT1G10760,AT1G10760,other
AT1G10920,AT1G10920,other
AT1G11000,AT1G11000,other
AT1G11390,AT1G11390,other
AT1G11720,AT1G11720,other
AT1G11840,AT1G11840,other
AT1G11925,AT1G11925,other
AT1G11960,AT1G11960,other
AT1G12030,AT1G12030,other
AT1G12500,AT1G12500,other
AT1G12610,AT1G12610,ERF
AT1G12630,AT1G12630,ERF
AT1G12750,AT1G12750,other
AT1G12800,AT1G12800,other
AT1G12845,AT1G12845,other
AT1G13000,AT1G13000,other
AT1G13245,AT1G13245,other
AT1G13390,AT1G13390,other
AT1G13480,AT1G13480,other
AT1G13800,AT1G13800,other
AT1G13860,AT1G13860,other
AT1G13870,AT1G13870,other
AT1G14030,AT1G14030,other
AT1G14345,AT1G14345,other
AT1G14580,AT1G14580,other
AT1G14685,AT1G14685,other
AT1G14820,AT1G14820,other
AT1G14970,AT1G14970,other
AT1G15150,AT1G15150,other
AT1G15170,AT1G15170,other
AT1G15180,AT1G15180,other
AT1G15290,AT1G15290,other
AT1G15340,AT1G15340,other
AT1G15530,AT1G15530,other
AT1G15540,AT1G15540,other
AT1G15750,AT1G15750,other
AT1G15820,AT1G15820,other
AT1G16445,AT1G16445,other
AT1G16540,AT1G16540,other
AT1G16635,AT1G16635,other
AT1G16730,AT1G16730,other
AT1G16800,AT1G16800,other
AT1G16850,AT1G16850,other
AT1G17220,AT1G17220,other
AT1G17665,AT1G17665,other
AT1G18200,AT1G18200,other
AT1G18270,AT1G18270,other
AT1G18460,AT1G18460,other
AT1G18773,AT1G18773,other
AT1G19000,AT1G19000,MYB_related
AT1G19150,AT1G19150,other
AT1G19660,AT1G19660,other
AT1G19740,AT1G19740,other
AT1G19960,AT1G19960,other
AT1G20060,AT1G20060,other
AT1G20350,AT1G20350,other
AT1G20515,AT1G20515,other
AT1G20693,AT1G20693,other
AT1G20870,AT1G20870,other
AT1G21313,AT1G21313,other
AT1G21440,AT1G21440,other
AT1G21528,AT1G21528,other
AT1G21560,AT1G21560,other
AT1G21610,AT1G21610,other
AT1G21910,AT1G21910,ERF
AT1G21920,AT1G21920,other
AT1G22065,AT1G22065,other
AT1G22180,AT1G22180,other
AT1G22380,AT1G22380,other
AT1G22500,AT1G22500,other
AT1G22750,AT1G22750,other
AT1G22810,AT1G22810,ERF
AT1G23280,AT1G23280,other
AT1G23310,AT1G23310,other
AT1G23410,AT1G23410,other
AT1G23540,AT1G23540,other
AT1G23950,AT1G23950,other
AT1G23970,AT1G23970,other
AT1G24280,AT1G24280,other
AT1G24580,AT1G24580,other
AT1G24996,AT1G24996,other
AT1G25145,AT1G25145,other
AT1G25220,AT1G25220,other
AT1G25240,AT1G25240,other
AT1G25375,AT1G25375,other
AT1G25425,AT1G25425,other
AT1G25682,AT1G25682,other
AT1G26130,AT1G26130,other
AT1G26900,AT1G26900,other
AT1G27420,AT1G27420,other
AT1G27470,AT1G27470,other
AT1G27500,AT1G27500,other
AT1G27600,AT1G27600,other
AT1G28070,AT1G28070,other
AT1G28370,AT1G28370,ERF
AT1G29250,AT1G29250,other
AT1G29290,AT1G29290,other
AT1G29320,AT1G29320,other
AT1G29390,AT1G29390,other
AT1G29395,AT1G29395,other
AT1G29530,AT1G29530,other
AT1G29640,AT1G29640,other
AT1G29860,AT1G29860,WRKY
AT1G30135,AT1G30135,other
AT1G30300,AT1G30300,other
AT1G30540,AT1G30540,other
AT1G30550,AT1G30550,other
AT1G30650,AT1G30650,WRKY
AT1G30850,AT1G30850,other
AT1G31050,AT1G31050,other
AT1G31360,AT1G31360,other
AT1G31420,AT1G31420,other
AT1G31800,AT1G31800,other
AT1G31835,AT1G31835,other
AT1G32630,AT1G32630,other
AT1G32640,AT1G32640,bHLH
AT1G33415,AT1G33415,other
AT1G33500,AT1G33500,other
AT1G33840,AT1G33840,other
AT1G34370,AT1G34370,other
AT1G34630,AT1G34630,other
AT1G34750,AT1G34750,other
AT1G35430,AT1G35430,other
AT1G36060,AT1G36060,ERF
AT1G36070,AT1G36070,other
AT1G36310,AT1G36310,other
AT1G43160,AT1G43160,ERF
AT1G43560,AT1G43560,other
AT1G43910,AT1G43910,other
AT1G45015,AT1G45015,other
AT1G45230,AT1G45230,other
AT1G45474,AT1G45474,other
AT1G46768,AT1G46768,ERF
AT1G47990,AT1G47990,other
AT1G48100,AT1G48100,other
AT1G48370,AT1G48370,other
AT1G48430,AT1G48430,other
AT1G48580,AT1G48580,other
AT1G48700,AT1G48700,other
AT1G49150,AT1G49150,other
AT1G49200,AT1G49200,other
AT1G49450,AT1G49450,other
AT1G49540,AT1G49540,other
AT1G49620,AT1G49620,other
AT1G49950,AT1G49950,MYB_related
AT1G49975,AT1G49975,other
AT1G50060,AT1G50060,other
AT1G50440,AT1G50440,other
AT1G50450,AT1G50450,other
AT1G50520,AT1G50520,other
AT1G50900,AT1G50900,other
AT1G51090,AT1G51090,other
AT1G51400,AT1G51400,other
AT1G51800,AT1G51800,other
AT1G51860,AT1G51860,other
AT1G52200,AT1G52200,other
AT1G52220,AT1G52220,other
AT1G52400,AT1G52400,other
AT1G52450,AT1G52450,other
AT1G52510,AT1G52510,other
AT1G52630,AT1G52630,other
AT1G52710,AT1G52710,other
AT1G52720,AT1G52720,other
AT1G52890,AT1G52890,other
AT1G53170,AT1G53170,ERF
AT1G53200,AT1G53200,other
AT1G53560,AT1G53560,other
AT1G53670,AT1G53670,other
AT1G53780,AT1G53780,other
AT1G53910,AT1G53910,ERF
AT1G54310,AT1G54310,other
AT1G54500,AT1G54500,other
AT1G54890,AT1G54890,other
AT1G55810,AT1G55810,other
AT1G56110,AT1G56110,other
AT1G56130,AT1G56130,other
AT1G56180,AT1G56180,other
AT1G56190,AT1G56190,other
AT1G56220,AT1G56220,other
AT1G56300,AT1G56300,other
AT1G56600,AT1G56600,other
AT1G57650,AT1G57650,other
AT1G57680,AT1G57680,other
AT1G58808,AT1G58808,other
AT1G59580,AT1G59580,other
AT1G59640,AT1G59640,bHLH
AT1G59660,AT1G59660,other
AT1G59910,AT1G59910,other
AT1G59950,AT1G59950,other
AT1G60010,AT1G60010,other
AT1G60080,AT1G60080,other
AT1G60200,AT1G60200,other
AT1G60430,AT1G60430,other
AT1G60505,AT1G60505,other
AT1G60600,AT1G60600,other
AT1G60790,AT1G60790,other
AT1G60850,AT1G60850,other
AT1G61010,AT1G61010,other
AT1G61340,AT1G61340,other
AT1G61575,AT1G61575,other
AT1G61820,AT1G61820,other
AT1G62200,AT1G62200,other
AT1G62262,AT1G62262,other
AT1G62300,AT1G62300,WRKY
AT1G63030,AT1G63030,ERF
AT1G63350,AT1G63350,other
AT1G63740,AT1G63740,other
AT1G63860,AT1G63860,other
AT1G64105,AT1G64105,other
AT1G64160,AT1G64160,other
AT1G64380,AT1G64380,other
AT1G64600,AT1G64600,other
AT1G64640,AT1G64640,other
AT1G64760,AT1G64760,other
AT1G64770,AT1G64770,other
AT1G64940,AT1G64940,other
AT1G65030,AT1G65030,other
AT1G65450,AT1G65450,other
AT1G65481,AT1G65481,other
AT1G65486,AT1G65486,other
AT1G65700,AT1G65700,other
AT1G66600,AT1G66600,WRKY
AT1G67490,AT1G67490,other
AT1G68050,AT1G68050,other
AT1G68550,AT1G68550,ERF
AT1G68920,AT1G68920,other
AT1G69252,AT1G69252,other
AT1G69310,AT1G69310,WRKY
AT1G69480,AT1G69480,other
AT1G69520,AT1G69520,other
AT1G69587,AT1G69587,other
AT1G69800,AT1G69800,other
AT1G70000,AT1G70000,MYB_related
AT1G70090,AT1G70090,other
AT1G70140,AT1G70140,other
AT1G70270,AT1G70270,other
AT1G70580,AT1G70580,other
AT1G70640,AT1G70640,other
AT1G70700,AT1G70700,other
AT1G70710,AT1G70710,other
AT1G71000,AT1G71000,other
AT1G71140,AT1G71140,other
AT1G71490,AT1G71490,other
AT1G71850,AT1G71850,other
AT1G71950,AT1G71950,other
AT1G71990,AT1G71990,other
AT1G72070,AT1G72070,other
AT1G72100,AT1G72100,other
AT1G72200,AT1G72200,other
AT1G72280,AT1G72280,other
AT1G72510,AT1G72510,other
AT1G72820,AT1G72820,other
AT1G72990,AT1G72990,other
AT1G73020,AT1G73020,other
AT1G73120,AT1G73120,other
AT1G73910,AT1G73910,other
AT1G73970,AT1G73970,other
AT1G74170,AT1G74170,other
AT1G74310,AT1G74310,other
AT1G74320,AT1G74320,other
AT1G74370,AT1G74370,other
AT1G74840,AT1G74840,MYB_related
AT1G74930,AT1G74930,ERF
AT1G74950,AT1G74950,other
AT1G75190,AT1G75190,other
AT1G75210,AT1G75210,other
AT1G75340,AT1G75340,other
AT1G75460,AT1G75460,other
AT1G75490,AT1G75490,ERF
AT1G75830,AT1G75830,other
AT1G75860,AT1G75860,other
AT1G76240,AT1G76240,other
AT1G76320,AT1G76320,other
AT1G76560,AT1G76560,other
AT1G76900,AT1G76900,other
AT1G76960,AT1G76960,other
AT1G76970,AT1G76970,other
AT1G77000,AT1G77000,other
AT1G77122,AT1G77122,other
AT1G77200,AT1G77200,ERF
AT1G77390,AT1G77390,other
AT1G77410,AT1G77410,other
AT1G77570,AT1G77570,other
AT1G77630,AT1G77630,other
AT1G77640,AT1G77640,ERF
AT1G78070,AT1G78070,other
AT1G78080,AT1G78080,ERF
AT1G78240,AT1G78240,other
AT1G78510,AT1G78510,other
AT1G78570,AT1G78570,other
AT1G78790,AT1G78790,other
AT1G78830,AT1G78830,other
AT1G78900,AT1G78900,other
AT1G79040,AT1G79040,other
AT1G79060,AT1G79060,other
AT1G79090,AT1G79090,other
AT1G79440,AT1G79440,other
AT1G79660,AT1G79660,other
AT1G79790,AT1G79790,other
AT1G79830,AT1G79830,other
AT1G80060,AT1G80060,other
AT1G80130,AT1G80130,other
AT1G80480,AT1G80480,other
AT1G80840,AT1G80840,WRKY
AT2G01420,AT2G01420,other
AT2G01430,AT2G01430,other
AT2G01450,AT2G01450,other
AT2G01760,AT2G01760,other
AT2G01918,AT2G01918,other
AT2G01990,AT2G01990,other
AT2G02410,AT2G02410,other
AT2G02860,AT2G02860,other
AT2G02960,AT2G02960,other
AT2G03050,AT2G03050,other
AT2G03060,AT2G03060,other
AT2G03310,AT2G03310,other
AT2G03340,AT2G03340,WRKY
AT2G03590,AT2G03590,other
AT2G03760,AT2G03760,other
AT2G03810,AT2G03810,other
AT2G04270,AT2G04270,other
AT2G04350,AT2G04350,other
AT2G05120,AT2G05120,other
AT2G05180,AT2G05180,other
AT2G05310,AT2G05310,other
AT2G06002,AT2G06002,other
AT2G06025,AT2G06025,other
AT2G06520,AT2G06520,other
AT2G07715,AT2G07715,other
AT2G14060,AT2G14060,other
AT2G14170,AT2G14170,other
AT2G14530,AT2G14530,other
AT2G15730,AT2G15730,other
AT2G17020,AT2G17020,other
AT2G17033,AT2G17033,other
AT2G17670,AT2G17670,other
AT2G17850,AT2G17850,other
AT2G17970,AT2G17970,other
AT2G17972,AT2G17972,other
AT2G18090,AT2G18090,other
AT2G18300,AT2G18300,bHLH
AT2G18450,AT2G18450,other
AT2G20180,AT2G20180,bHLH
AT2G20250,AT2G20250,other
AT2G20370,AT2G20370,other
AT2G20585,AT2G20585,other
AT2G20610,AT2G20610,other
AT2G20815,AT2G20815,other
AT2G20880,AT2G20880,other
AT2G20950,AT2G20950,other
AT2G21300,AT2G21300,other
AT2G21550,AT2G21550,other
AT2G21900,AT2G21900,WRKY
AT2G21950,AT2G21950,other
AT2G21960,AT2G21960,other
AT2G22250,AT2G22250,other
AT2G22450,AT2G22450,other
AT2G23120,AT2G23120,other
AT2G23320,AT2G23320,WRKY
AT2G23340,AT2G23340,ERF
AT2G23348,AT2G23348,other
AT2G23760,AT2G23760,other
AT2G24260,AT2G24260,bHLH
AT2G24420,AT2G24420,other
AT2G24500,AT2G24500,other
AT2G24545,AT2G24545,other
AT2G24550,AT2G24550,other
AT2G24820,AT2G24820,other
AT2G25000,AT2G25000,WRKY
AT2G25290,AT2G25290,other
AT2G25460,AT2G25460,other
AT2G25737,AT2G25737,other
AT2G26690,AT2G26690,other
AT2G26810,AT2G26810,other
AT2G26830,AT2G26830,other
AT2G27400,AT2G27400,other
AT2G27402,AT2G27402,other
AT2G27720,AT2G27720,other
AT2G28200,AT2G28200,other
AT2G28250,AT2G28250,other
AT2G28490,AT2G28490,other
AT2G28560,AT2G28560,other
AT2G28760,AT2G28760,other
AT2G28900,AT2G28900,other
AT2G30100,AT2G30100,other
AT2G30250,AT2G30250,WRKY
AT2G30570,AT2G30570,other
AT2G30840,AT2G30840,other
AT2G30870,AT2G30870,other
AT2G31010,AT2G31010,other
AT2G31800,AT2G31800,other
AT2G31870,AT2G31870,other
AT2G31920,AT2G31920,other
AT2G32090,AT2G32090,other
AT2G32130,AT2G32130,other
AT2G32250,AT2G32250,other
AT2G32270,AT2G32270,other
AT2G32320,AT2G32320,other
AT2G32500,AT2G32500,other
AT2G32610,AT2G32610,other
AT2G32700,AT2G32700,other
AT2G33090,AT2G33090,other
AT2G33120,AT2G33120,other
AT2G33240,AT2G33240,other
AT2G33800,AT2G33800,other
AT2G34210,AT2G34210,other
AT2G34300,AT2G34300,other
AT2G34470,AT2G34470,other
AT2G34570,AT2G34570,other
AT2G34620,AT2G34620,other
AT2G34900,AT2G34900,other
AT2G34930,AT2G34930,other
AT2G35050,AT2G35050,other
AT2G35140,AT2G35140,other
AT2G35600,AT2G35600,other
AT2G35658,AT2G35658,other
AT2G35700,AT2G35700,ERF
AT2G35930,AT2G35930,other
AT2G36270,AT2G36270,other
AT2G36320,AT2G36320,other
AT2G36895,AT2G36895,other
AT2G36960,AT2G36960,other
AT2G36990,AT2G36990,other
AT2G37260,AT2G37260,other
AT2G37280,AT2G37280,other
AT2G37430,AT2G37430,other
AT2G37480,AT2G37480,other
AT2G37580,AT2G37580,other
AT2G37585,AT2G37585,other
AT2G37750,AT2G37750,other
AT2G37790,AT2G37790,other
AT2G37820,AT2G37820,other
AT2G37920,AT2G37920,other
AT2G38025,AT2G38025,other
AT2G38360,AT2G38360,other
AT2G38470,AT2G38470,WRKY
AT2G38820,AT2G38820,other
AT2G38840,AT2G38840,other
AT2G39230,AT2G39230,other
AT2G39400,AT2G39400,other
AT2G39518,AT2G39518,other
AT2G39675,AT2G39675,other
AT2G39800,AT2G39800,other
AT2G40180,AT2G40180,other
AT2G40340,AT2G40340,ERF
AT2G40400,AT2G40400,other
AT2G40460,AT2G40460,other
AT2G40810,AT2G40810,other
AT2G41180,AT2G41180,other
AT2G41312,AT2G41312,other
AT2G41700,AT2G41700,other
AT2G41870,AT2G41870,other
AT2G41950,AT2G41950,other
AT2G42190,AT2G42190,other
AT2G42260,AT2G42260,other
AT2G42280,AT2G42280,bHLH
AT2G42320,AT2G42320,other
AT2G42520,AT2G42520,other
AT2G42640,AT2G42640,other
AT2G43010,AT2G43010,bHLH
AT2G43140,AT2G43140,other
AT2G43180,AT2G43180,other
AT2G43190,AT2G43190,other
AT2G43210,AT2G43210,other
AT2G43410,AT2G43410,other
AT2G43480,AT2G43480,other
AT2G43620,AT2G43620,other
AT2G43760,AT2G43760,other
AT2G43870,AT2G43870,other
AT2G44090,AT2G44090,other
AT2G44180,AT2G44180,other
AT2G44670,AT2G44670,other
AT2G44840,AT2G44840,ERF
AT2G44940,AT2G44940,ERF
AT2G44990,AT2G44990,other
AT2G45170,AT2G45170,other
AT2G45460,AT2G45460,other
AT2G45500,AT2G45500,other
AT2G45670,AT2G45670,other
AT2G45860,AT2G45860,other
AT2G45930,AT2G45930,other
AT2G45950,AT2G45950,other
AT2G45970,AT2G45970,other
AT2G45990,AT2G45990,other
AT2G46200,AT2G46200,other
AT2G46240,AT2G46240,other
AT2G46400,AT2G46400,WRKY
AT2G46510,AT2G46510,bHLH
AT2G46520,AT2G46520,other
AT2G46610,AT2G46610,other
AT2G46700,AT2G46700,other
AT2G46790,AT2G46790,other
AT2G46860,AT2G46860,other
AT2G46910,AT2G46910,other
AT2G47070,AT2G47070,other
AT2G47090,AT2G47090,other
AT2G47110,AT2G47110,other
AT2G47140,AT2G47140,other
AT2G47180,AT2G47180,other
AT2G47460,AT2G47460,other
AT2G47550,AT2G47550,other
AT2G47700,AT2G47700,other
AT2G47770,AT2G47770,other
AT2G47850,AT2G47850,other
AT2G47920,AT2G47920,other
AT2G47990,AT2G47990,other
AT3G01065,AT3G01065,other
AT3G01202,AT3G01202,other
AT3G01380,AT3G01380,other
AT3G01510,AT3G01510,other
AT3G01540,AT3G01540,other
AT3G01730,AT3G01730,other
AT3G01760,AT3G01760,other
AT3G01810,AT3G01810,other
AT3G01850,AT3G01850,other
AT3G01910,AT3G01910,other
AT3G01930,AT3G01930,other
AT3G01990,AT3G01990,other
AT3G02550,AT3G02550,other
AT3G02980,AT3G02980,other
AT3G03020,AT3G03020,other
AT3G03660,AT3G03660,other
AT3G03780,AT3G03780,other
AT3G04210,AT3G04210,other
AT3G04240,AT3G04240,other
AT3G04320,AT3G04320,other
AT3G04350,AT3G04350,other
AT3G04370,AT3G04370,other
AT3G04720,AT3G04720,other
AT3G05090,AT3G05090,other
AT3G05250,AT3G05250,other
AT3G05270,AT3G05270,other
AT3G05420,AT3G05420,other
AT3G05630,AT3G05630,other
AT3G05650,AT3G05650,other
AT3G05858,AT3G05858,other
AT3G05900,AT3G05900,other
AT3G05905,AT3G05905,other
AT3G06070,AT3G06070,other
AT3G06125,AT3G06125,other
AT3G06140,AT3G06140,other
AT3G06480,AT3G06480,other
AT3G06530,AT3G06530,other
AT3G06570,AT3G06570,other
AT3G06770,AT3G06770,other
AT3G06880,AT3G06880,other
AT3G06960,AT3G06960,other
AT3G07030,AT3G07030,other
AT3G07050,AT3G07050,other
AT3G07215,AT3G07215,other
AT3G07255,AT3G07255,other
AT3G07320,AT3G07320,other
AT3G07390,AT3G07390,other
AT3G07530,AT3G07530,other
AT3G08500,AT3G08500,other
AT3G08520,AT3G08520,other
AT3G08810,AT3G08810,other
AT3G08840,AT3G08840,other
AT3G08970,AT3G08970,other
AT3G09210,AT3G09210,other
AT3G09400,AT3G09400,other
AT3G09540,AT3G09540,other
AT3G09600,AT3G09600,MYB_related
AT3G09650,AT3G09650,other
AT3G09660,AT3G09660,other
AT3G09730,AT3G09730,other
AT3G09960,AT3G09960,other
AT3G10020,AT3G10020,other
AT3G10060,AT3G10060,other
AT3G10280,AT3G10280,other
AT3G10680,AT3G10680,other
AT3G10750,AT3G10750,other
AT3G11020,AT3G11020,ERF
AT3G11120,AT3G11120,other
AT3G11410,AT3G11410,other
AT3G11900,AT3G11900,other
AT3G11930,AT3G11930,other
AT3G12020,AT3G12020,other
AT3G12040,AT3G12040,other
AT3G12050,AT3G12050,other
AT3G12210,AT3G12210,other
AT3G12250,AT3G12250,other
AT3G12320,AT3G12320,other
AT3G12490,AT3G12490,other
AT3G12570,AT3G12570,other
AT3G12600,AT3G12600,other
AT3G12980,AT3G12980,other
AT3G13175,AT3G13175,other
AT3G13225,AT3G13225,other
AT3G13330,AT3G13330,other
AT3G13420,AT3G13420,other
AT3G13870,AT3G13870,other
AT3G13980,AT3G13980,other
AT3G14075,AT3G14075,other
AT3G14080,AT3G14080,other
AT3G14120,AT3G14120,other
AT3G14330,AT3G14330,other
AT3G14590,AT3G14590,other
AT3G15240,AT3G15240,other
AT3G15370,AT3G15370,other
AT3G15390,AT3G15390,other
AT3G15630,AT3G15630,other
AT3G15770,AT3G15770,other
AT3G16000,AT3G16000,other
AT3G16050,AT3G16050,other
AT3G16140,AT3G16140,other
AT3G16150,AT3G16150,other
AT3G16500,AT3G16500,other
AT3G16750,AT3G16750,other
AT3G16940,AT3G16940,other
AT3G17070,AT3G17070,other
AT3G17250,AT3G17250,other
AT3G17300,AT3G17300,other
AT3G17470,AT3G17470,other
AT3G17712,AT3G17712,other
AT3G17770,AT3G17770,other
AT3G17860,AT3G17860,other
AT3G17920,AT3G17920,other
AT3G18000,AT3G18000,other
AT3G18040,AT3G18040,other
AT3G18295,AT3G18295,other
AT3G18740,AT3G18740,other
AT3G19720,AT3G19720,other
AT3G19800,AT3G19800,other
AT3G19830,AT3G19830,other
AT3G19970,AT3G19970,other
AT3G20680,AT3G20680,other
AT3G20935,AT3G20935,other
AT3G21055,AT3G21055,other
AT3G21390,AT3G21390,other
AT3G21660,AT3G21660,other
AT3G21755,AT3G21755,other
AT3G21870,AT3G21870,other
AT3G22070,AT3G22070,other
AT3G22100,AT3G22100,other
AT3G22415,AT3G22415,other
AT3G22660,AT3G22660,other
AT3G22700,AT3G22700,other
AT3G22820,AT3G22820,other
AT3G22980,AT3G22980,other
AT3G23090,AT3G23090,other
AT3G23220,AT3G23220,ERF
AT3G23230,AT3G23230,other
AT3G23240,AT3G23240,ERF
AT3G23600,AT3G23600,other
AT3G23620,AT3G23620,other
AT3G23640,AT3G23640,other
AT3G23670,AT3G23670,other
AT3G23710,AT3G23710,other
AT3G24840,AT3G24840,other
AT3G24929,AT3G24929,other
AT3G25440,AT3G25440,other
AT3G25510,AT3G25510,other
AT3G25900,AT3G25900,other
AT3G26360,AT3G26360,other
AT3G26630,AT3G26630,other
AT3G26740,AT3G26740,other
AT3G27210,AT3G27210,other
AT3G27325,AT3G27325,other
AT3G27416,AT3G27416,other
AT3G27809,AT3G27809,other
AT3G27930,AT3G27930,other
AT3G27950,AT3G27950,other
AT3G28030,AT3G28030,other
AT3G28480,AT3G28480,other
AT3G28550,AT3G28550,other
AT3G28875,AT3G28875,other
AT3G28956,AT3G28956,other
AT3G29360,AT3G29360,other
AT3G29410,AT3G29410,other
AT3G29575,AT3G29575,other
AT3G30460,AT3G30460,other
AT3G32030,AT3G32030,other
AT3G44190,AT3G44190,other
AT3G44400,AT3G44400,other
AT3G44735,AT3G44735,other
AT3G44860,AT3G44860,other
AT3G45230,AT3G45230,other
AT3G45880,AT3G45880,other
AT3G46630,AT3G46630,other
AT3G46920,AT3G46920,other
AT3G46930,AT3G46930,other
AT3G46950,AT3G46950,other
AT3G47340,AT3G47340,other
AT3G48260,AT3G48260,other
AT3G48500,AT3G48500,other
AT3G48510,AT3G48510,other
AT3G48990,AT3G48990,other
AT3G49400,AT3G49400,other
AT3G49410,AT3G49410,other
AT3G49540,AT3G49540,other
AT3G49630,AT3G49630,other
AT3G50060,AT3G50060,other
AT3G50070,AT3G50070,other
AT3G50130,AT3G50130,other
AT3G50230,AT3G50230,other
AT3G50240,AT3G50240,other
AT3G50260,AT3G50260,ERF
AT3G50350,AT3G50350,other
AT3G50750,AT3G50750,other
AT3G50760,AT3G50760,other
AT3G51075,AT3G51075,other
AT3G51350,AT3G51350,other
AT3G51360,AT3G51360,other
AT3G51370,AT3G51370,other
AT3G51510,AT3G51510,other
AT3G51600,AT3G51600,other
AT3G51670,AT3G51670,other
AT3G51750,AT3G51750,other
AT3G51830,AT3G51830,other
AT3G52060,AT3G52060,other
AT3G52070,AT3G52070,other
AT3G52105,AT3G52105,other
AT3G52140,AT3G52140,other
AT3G52150,AT3G52150,other
AT3G52230,AT3G52230,other
AT3G52310,AT3G52310,other
AT3G53000,AT3G53000,other
AT3G53040,AT3G53040,other
AT3G53180,AT3G53180,other
AT3G53210,AT3G53210,other
AT3G53270,AT3G53270,other
AT3G53470,AT3G53470,other
AT3G53570,AT3G53570,other
AT3G53620,AT3G53620,other
AT3G53650,AT3G53650,other
AT3G53670,AT3G53670,other
AT3G54050,AT3G54050,other
AT3G54400,AT3G54400,other
AT3G54440,AT3G54440,other
AT3G54460,AT3G54460,other
AT3G54500,AT3G54500,other
AT3G54750,AT3G54750,other
AT3G54760,AT3G54760,other
AT3G54890,AT3G54890,other
AT3G54950,AT3G54950,other
AT3G54960,AT3G54960,other
AT3G55070,AT3G55070,other
AT3G55480,AT3G55480,other
AT3G55485,AT3G55485,other
AT3G55720,AT3G55720,other
AT3G55740,AT3G55740,other
AT3G56010,AT3G56010,other
AT3G56090,AT3G56090,other
AT3G56400,AT3G56400,WRKY
AT3G56408,AT3G56408,other
AT3G56410,AT3G56410,other
AT3G56570,AT3G56570,other
AT3G56860,AT3G56860,other
AT3G56910,AT3G56910,other
AT3G56940,AT3G56940,other
AT3G56990,AT3G56990,other
AT3G57062,AT3G57062,other
AT3G57390,AT3G57390,other
AT3G57470,AT3G57470,other
AT3G57520,AT3G57520,other
AT3G57570,AT3G57570,other
AT3G57600,AT3G57600,ERF
AT3G57630,AT3G57630,other
AT3G57645,AT3G57645,other
AT3G57780,AT3G57780,other
AT3G57880,AT3G57880,other
AT3G57930,AT3G57930,other
AT3G57940,AT3G57940,other
AT3G58110,AT3G58110,other
AT3G58120,AT3G58120,other
AT3G58480,AT3G58480,other
AT3G58620,AT3G58620,other
AT3G58640,AT3G58640,other
AT3G58660,AT3G58660,other
AT3G58790,AT3G58790,other
AT3G58850,AT3G58850,other
AT3G59060,AT3G59060,bHLH
AT3G59300,AT3G59300,other
AT3G59320,AT3G59320,other
AT3G59630,AT3G59630,other
AT3G59730,AT3G59730,other
AT3G59820,AT3G59820,other
AT3G59850,AT3G59850,other
AT3G60250,AT3G60250,other
AT3G60340,AT3G60340,other
AT3G60490,AT3G60490,ERF
AT3G60900,AT3G60900,other
AT3G60910,AT3G60910,other
AT3G61010,AT3G61010,other
AT3G61070,AT3G61070,other
AT3G61260,AT3G61260,other
AT3G61470,AT3G61470,other
AT3G61680,AT3G61680,other
AT3G62080,AT3G62080,other
AT3G62120,AT3G62120,other
AT3G62260,AT3G62260,other
AT3G62590,AT3G62590,other
AT3G62800,AT3G62800,other
AT3G62830,AT3G62830,other
AT3G62840,AT3G62840,other
AT3G63060,AT3G63060,other
AT3G63120,AT3G63120,other
AT3G63130,AT3G63130,other
AT3G63160,AT3G63160,other
AT3G63400,AT3G63400,other
AT3G63480,AT3G63480,other
AT4G00040,AT4G00040,other
AT4G00050,AT4G00050,bHLH
AT4G00080,AT4G00080,other
AT4G00310,AT4G00310,other
AT4G00490,AT4G00490,other
AT4G00620,AT4G00620,other
AT4G00850,AT4G00850,other
AT4G00895,AT4G00895,other
AT4G01026,AT4G01026,other
AT4G01037,AT4G01037,other
AT4G01250,AT4G01250,WRKY
AT4G01280,AT4G01280,MYB_related
AT4G01520,AT4G01520,other
AT4G01575,AT4G01575,other
AT4G01883,AT4G01883,other
AT4G02350,AT4G02350,other
AT4G02430,AT4G02430,other
AT4G02570,AT4G02570,other
AT4G03280,AT4G03280,other
AT4G03420,AT4G03420,other
AT4G03430,AT4G03430,other
AT4G03540,AT4G03540,other
AT4G04450,AT4G04450,WRKY
AT4G04790,AT4G04790,other
AT4G04930,AT4G04930,other
AT4G04940,AT4G04940,other
AT4G05180,AT4G05180,other
AT4G05320,AT4G05320,other
AT4G05390,AT4G05390,other
AT4G05400,AT4G05400,other
AT4G06676,AT4G06676,other
AT4G06746,AT4G06746,ERF
AT4G08580,AT4G08580,other
AT4G08620,AT4G08620,other
AT4G08980,AT4G08980,other
AT4G09040,AT4G09040,other
AT4G09695,AT4G09695,other
AT4G10350,AT4G10350,other
AT4G10500,AT4G10500,other
AT4G10620,AT4G10620,other
AT4G10710,AT4G10710,other
AT4G11050,AT4G11050,other
AT4G11880,AT4G11880,other
AT4G11890,AT4G11890,other
AT4G12020,AT4G12020,other
AT4G12600,AT4G12600,other
AT4G12750,AT4G12750,other
AT4G12790,AT4G12790,other
AT4G13110,AT4G13110,other
AT4G13330,AT4G13330,other
AT4G13500,AT4G13500,other
AT4G13860,AT4G13860,other
AT4G13940,AT4G13940,other
AT4G13990,AT4G13990,other
AT4G14290,AT4G14290,other
AT4G14300,AT4G14300,other
AT4G14410,AT4G14410,bHLH
AT4G14480,AT4G14480,other
AT4G14560,AT4G14560,other
AT4G14660,AT4G14660,other
AT4G14870,AT4G14870,other
AT4G15070,AT4G15070,other
AT4G15236,AT4G15236,other
AT4G15640,AT4G15640,other
AT4G16160,AT4G16160,other
AT4G16370,AT4G16370,other
AT4G16400,AT4G16400,other
AT4G16520,AT4G16520,other
AT4G16563,AT4G16563,other
AT4G16710,AT4G16710,other
AT4G16983,AT4G16983,other
AT4G17140,AT4G17140,other
AT4G17490,AT4G17490,ERF
AT4G17520,AT4G17520,other
AT4G17560,AT4G17560,other
AT4G17600,AT4G17600,other
AT4G17740,AT4G17740,other
AT4G17760,AT4G17760,other
AT4G18030,AT4G18030,other
AT4G18170,AT4G18170,WRKY
AT4G18240,AT4G18240,other
AT4G18370,AT4G18370,other
AT4G18440,AT4G18440,other
AT4G18520,AT4G18520,other
AT4G18650,AT4G18650,other
AT4G18950,AT4G18950,other
AT4G19020,AT4G19020,other
AT4G19100,AT4G19100,other
AT4G20000,AT4G20000,other
AT4G20230,AT4G20230,other
AT4G20930,AT4G20930,other
AT4G21150,AT4G21150,other
AT4G21410,AT4G21410,other
AT4G21470,AT4G21470,other
AT4G21510,AT4G21510,other
AT4G21870,AT4G21870,other
AT4G21926,AT4G21926,other
AT4G21990,AT4G21990,other
AT4G22070,AT4G22070,WRKY
AT4G22130,AT4G22130,other
AT4G22890,AT4G22890,other
AT4G22950,AT4G22950,other
AT4G22980,AT4G22980,other
AT4G23190,AT4G23190,other
AT4G23320,AT4G23320,other
AT4G23460,AT4G23460,other
AT4G23550,AT4G23550,WRKY
AT4G23740,AT4G23740,other
AT4G23750,AT4G23750,ERF
AT4G23910,AT4G23910,other
AT4G24100,AT4G24100,other
AT4G24250,AT4G24250,other
AT4G24370,AT4G24370,other
AT4G24470,AT4G24470,other
AT4G24480,AT4G24480,other
AT4G25070,AT4G25070,other
AT4G25130,AT4G25130,other
AT4G25140,AT4G25140,other
AT4G25300,AT4G25300,other
AT4G25380,AT4G25380,other
AT4G25390,AT4G25390,other
AT4G25450,AT4G25450,other
AT4G25470,AT4G25470,ERF
AT4G25480,AT4G25480,ERF
AT4G25490,AT4G25490,ERF
AT4G25520,AT4G25520,other
AT4G25580,AT4G25580,other
AT4G25670,AT4G25670,other
AT4G25710,AT4G25710,other
AT4G25880,AT4G25880,other
AT4G26555,AT4G26555,other
AT4G26640,AT4G26640,WRKY
AT4G26700,AT4G26700,other
AT4G26795,AT4G26795,other
AT4G26890,AT4G26890,other
AT4G27010,AT4G27010,other
AT4G27050,AT4G27050,other
AT4G27070,AT4G27070,other
AT4G27130,AT4G27130,other
AT4G27310,AT4G27310,other
AT4G27490,AT4G27490,other
AT4G27852,AT4G27852,other
AT4G27950,AT4G27950,ERF
AT4G28140,AT4G28140,ERF
AT4G28240,AT4G28240,other
AT4G28260,AT4G28260,other
AT4G28290,AT4G28290,other
AT4G28310,AT4G28310,other
AT4G28550,AT4G28550,other
AT4G28660,AT4G28660,other
AT4G28800,AT4G28800,other
AT4G29170,AT4G29170,other
AT4G29310,AT4G29310,other
AT4G29380,AT4G29380,other
AT4G30640,AT4G30640,other
AT4G30650,AT4G30650,other
AT4G30845,AT4G30845,other
AT4G31115,AT4G31115,other
AT4G31150,AT4G31150,other
AT4G31530,AT4G31530,other
AT4G31550,AT4G31550,WRKY
AT4G31800,AT4G31800,WRKY
AT4G32190,AT4G32190,other
AT4G32260,AT4G32260,other
AT4G32350,AT4G32350,other
AT4G32360,AT4G32360,other
AT4G32800,AT4G32800,ERF
AT4G32900,AT4G32900,other
AT4G33220,AT4G33220,other
AT4G33300,AT4G33300,other
AT4G33467,AT4G33467,other
AT4G33540,AT4G33540,other
AT4G33700,AT4G33700,other
AT4G33890,AT4G33890,other
AT4G33960,AT4G33960,other
AT4G33985,AT4G33985,other
AT4G33990,AT4G33990,other
AT4G34090,AT4G34090,other
AT4G34120,AT4G34120,other
AT4G34150,AT4G34150,other
AT4G34410,AT4G34410,ERF
AT4G34610,AT4G34610,other
AT4G35000,AT4G35000,other
AT4G35450,AT4G35450,other
AT4G35590,AT4G35590,other
AT4G35685,AT4G35685,other
AT4G35720,AT4G35720,other
AT4G36010,AT4G36010,other
AT4G36105,AT4G36105,other
AT4G36110,AT4G36110,other
AT4G36350,AT4G36350,other
AT4G36620,AT4G36620,other
AT4G36670,AT4G36670,other
AT4G36810,AT4G36810,other
AT4G36900,AT4G36900,ERF
AT4G36930,AT4G36930,bHLH
AT4G37040,AT4G37040,other
AT4G37380,AT4G37380,other
AT4G37480,AT4G37480,other
AT4G37520,AT4G37520,other
AT4G37670,AT4G37670,other
AT4G38160,AT4G38160,other
AT4G38260,AT4G38260,other
AT4G38480,AT4G38480,other
AT4G38870,AT4G38870,other
AT4G38950,AT4G38950,other
AT4G39260,AT4G39260,other
AT4G39710,AT4G39710,other
AT4G39800,AT4G39800,other
AT4G39830,AT4G39830,other
AT4G40010,AT4G40010,other
AT5G01175,AT5G01175,other
AT5G01520,AT5G01520,other
AT5G01530,AT5G01530,other
AT5G01700,AT5G01700,other
AT5G01740,AT5G01740,other
AT5G01780,AT5G01780,other
AT5G01900,AT5G01900,WRKY
AT5G01920,AT5G01920,other
AT5G02820,AT5G02820,other
AT5G02880,AT5G02880,other
AT5G03204,AT5G03204,other
AT5G03380,AT5G03380,other
AT5G03555,AT5G03555,other
AT5G03770,AT5G03770,other
AT5G04090,AT5G04090,other
AT5G04250,AT5G04250,other
AT5G04460,AT5G04460,other
AT5G04740,AT5G04740,other
AT5G04870,AT5G04870,other
AT5G04885,AT5G04885,other
AT5G05250,AT5G05250,other
AT5G05270,AT5G05270,other
AT5G05380,AT5G05380,other
AT5G05420,AT5G05420,other
AT5G05600,AT5G05600,other
AT5G05660,AT5G05660,other
AT5G05670,AT5G05670,other
AT5G05965,AT5G05965,other
AT5G06000,AT5G06000,other
AT5G06120,AT5G06120,other
AT5G06190,AT5G06190,other
AT5G06235,AT5G06235,other
AT5G06290,AT5G06290,other
AT5G06550,AT5G06550,other
AT5G06865,AT5G06865,other
AT5G06980,AT5G06980,other
AT5G07100,AT5G07100,WRKY
AT5G07310,AT5G07310,ERF
AT5G07370,AT5G07370,other
AT5G07450,AT5G07450,other
AT5G07890,AT5G07890,other
AT5G07900,AT5G07900,other
AT5G07920,AT5G07920,other
AT5G08040,AT5G08040,other
AT5G08130,AT5G08130,bHLH
AT5G08280,AT5G08280,other
AT5G08310,AT5G08310,other
AT5G08470,AT5G08470,other
AT5G09690,AT5G09690,other
AT5G09740,AT5G09740,other
AT5G09980,AT5G09980,other
AT5G10290,AT5G10290,other
AT5G10320,AT5G10320,other
AT5G10470,AT5G10470,other
AT5G10710,AT5G10710,other
AT5G10740,AT5G10740,other
AT5G10745,AT5G10745,other
AT5G10830,AT5G10830,other
AT5G11090,AT5G11090,other
AT5G11420,AT5G11420,other
AT5G11630,AT5G11630,other
AT5G11790,AT5G11790,other
AT5G11970,AT5G11970,other
AT5G12130,AT5G12130,other
AT5G12840,AT5G12840,other
AT5G13200,AT5G13200,other
AT5G13650,AT5G13650,other
AT5G13730,AT5G13730,other
AT5G13910,AT5G13910,ERF
AT5G14020,AT5G14020,other
AT5G14030,AT5G14030,other
AT5G14050,AT5G14050,other
AT5G14220,AT5G14220,other
AT5G14420,AT5G14420,other
AT5G15070,AT5G15070,other
AT5G15190,AT5G15190,other
AT5G15410,AT5G15410,other
AT5G15650,AT5G15650,other
AT5G15845,AT5G15845,other
AT5G15970,AT5G15970,other
AT5G16150,AT5G16150,other
AT5G16410,AT5G16410,other
AT5G16650,AT5G16650,other
AT5G16800,AT5G16800,other
AT5G17240,AT5G17240,other
AT5G17300,AT5G17300,MYB_related
AT5G17370,AT5G17370,other
AT5G17530,AT5G17530,other
AT5G17820,AT5G17820,other
AT5G17920,AT5G17920,other
AT5G18190,AT5G18190,other
AT5G18550,AT5G18550,other
AT5G18570,AT5G18570,other
AT5G18620,AT5G18620,other
AT5G18660,AT5G18660,other
AT5G18670,AT5G18670,other
AT5G18790,AT5G18790,other
AT5G18860,AT5G18860,other
AT5G19210,AT5G19210,other
AT5G19890,AT5G19890,other
AT5G19970,AT5G19970,other
AT5G20370,AT5G20370,other
AT5G20660,AT5G20660,other
AT5G20790,AT5G20790,other
AT5G20920,AT5G20920,other
AT5G21050,AT5G21050,other
AT5G22570,AT5G22570,WRKY
AT5G22680,AT5G22680,other
AT5G23120,AT5G23120,other
AT5G23150,AT5G23150,other
AT5G24110,AT5G24110,WRKY
AT5G24155,AT5G24155,other
AT5G24340,AT5G24340,other
AT5G24640,AT5G24640,other
AT5G24840,AT5G24840,other
AT5G25190,AT5G25190,ERF
AT5G25250,AT5G25250,other
AT5G25390,AT5G25390,ERF
AT5G25440,AT5G25440,other
AT5G25810,AT5G25810,ERF
AT5G25910,AT5G25910,other
AT5G26040,AT5G26040,other
AT5G26110,AT5G26110,other
AT5G26600,AT5G26600,other
AT5G27390,AT5G27390,other
AT5G28080,AT5G28080,other
AT5G28750,AT5G28750,other
AT5G28830,AT5G28830,other
AT5G30495,AT5G30495,other
AT5G32450,AT5G32450,other
AT5G33290,AT5G33290,other
AT5G35550,AT5G35550,other
AT5G36120,AT5G36120,other
AT5G37850,AT5G37850,other
AT5G38020,AT5G38020,other
AT5G38220,AT5G38220,other
AT5G38520,AT5G38520,other
AT5G38860,AT5G38860,bHLH
AT5G39410,AT5G39410,other
AT5G39785,AT5G39785,other
AT5G39850,AT5G39850,other
AT5G40240,AT5G40240,other
AT5G40500,AT5G40500,other
AT5G40540,AT5G40540,other
AT5G40860,AT5G40860,other
AT5G41150,AT5G41150,other
AT5G41780,AT5G41780,other
AT5G42110,AT5G42110,other
AT5G42290,AT5G42290,other
AT5G42630,AT5G42630,other
AT5G42770,AT5G42770,other
AT5G42800,AT5G42800,other
AT5G42900,AT5G42900,other
AT5G43440,AT5G43440,other
AT5G43870,AT5G43870,other
AT5G44130,AT5G44130,other
AT5G44160,AT5G44160,other
AT5G44210,AT5G44210,ERF
AT5G44400,AT5G44400,other
AT5G44530,AT5G44530,other
AT5G44574,AT5G44574,other
AT5G44585,AT5G44585,other
AT5G44730,AT5G44730,other
AT5G44780,AT5G44780,other
AT5G45040,AT5G45040,other
AT5G45095,AT5G45095,other
AT5G45140,AT5G45140,other
AT5G45340,AT5G45340,other
AT5G45580,AT5G45580,other
AT5G45650,AT5G45650,other
AT5G45670,AT5G45670,other
AT5G46830,AT5G46830,bHLH
AT5G46870,AT5G46870,other
AT5G47220,AT5G47220,ERF
AT5G47230,AT5G47230,ERF
AT5G47390,AT5G47390,MYB_related
AT5G47430,AT5G47430,other
AT5G47650,AT5G47650,other
AT5G47690,AT5G47690,other
AT5G47700,AT5G47700,other
AT5G47710,AT5G47710,other
AT5G47820,AT5G47820,other
AT5G47900,AT5G47900,other
AT5G48175,AT5G48175,other
AT5G48240,AT5G48240,other
AT5G48290,AT5G48290,other
AT5G48385,AT5G48385,other
AT5G48390,AT5G48390,other
AT5G48610,AT5G48610,other
AT5G48655,AT5G48655,other
AT5G48760,AT5G48760,other
AT5G49020,AT5G49020,other
AT5G49215,AT5G49215,other
AT5G49430,AT5G49430,other
AT5G49700,AT5G49700,other
AT5G49840,AT5G49840,other
AT5G50100,AT5G50100,other
AT5G50240,AT5G50240,other
AT5G50300,AT5G50300,other
AT5G50360,AT5G50360,other
AT5G50720,AT5G50720,other
AT5G51110,AT5G51110,other
AT5G51120,AT5G51120,other
AT5G51130,AT5G51130,other
AT5G51180,AT5G51180,other
AT5G51260,AT5G51260,other
AT5G51460,AT5G51460,other
AT5G51990,AT5G51990,ERF
AT5G52020,AT5G52020,ERF
AT5G52100,AT5G52100,other
AT5G52210,AT5G52210,other
AT5G52660,AT5G52660,MYB_related
AT5G52780,AT5G52780,other
AT5G53010,AT5G53010,other
AT5G53050,AT5G53050,other
AT5G53290,AT5G53290,other
AT5G53300,AT5G53300,other
AT5G53320,AT5G53320,other
AT5G53360,AT5G53360,other
AT5G53460,AT5G53460,other
AT5G53660,AT5G53660,other
AT5G53850,AT5G53850,other
AT5G53860,AT5G53860,other
AT5G54110,AT5G54110,other
AT5G54170,AT5G54170,other
AT5G54600,AT5G54600,other
AT5G54700,AT5G54700,other
AT5G54860,AT5G54860,other
AT5G54910,AT5G54910,other
AT5G54930,AT5G54930,other
AT5G54940,AT5G54940,other
AT5G55130,AT5G55130,other
AT5G55390,AT5G55390,other
AT5G55580,AT5G55580,other
AT5G55600,AT5G55600,other
AT5G55620,AT5G55620,other
AT5G55740,AT5G55740,other
AT5G55920,AT5G55920,other
AT5G55970,AT5G55970,other
AT5G56100,AT5G56100,other
AT5G56880,AT5G56880,other
AT5G56900,AT5G56900,other
AT5G57010,AT5G57010,other
AT5G57015,AT5G57015,other
AT5G57030,AT5G57030,other
AT5G57230,AT5G57230,other
AT5G57390,AT5G57390,other
AT5G57510,AT5G57510,other
AT5G57610,AT5G57610,other
AT5G57700,AT5G57700,other
AT5G57870,AT5G57870,other
AT5G58140,AT5G58140,other
AT5G58210,AT5G58210,other
AT5G58240,AT5G58240,other
AT5G58250,AT5G58250,other
AT5G58540,AT5G58540,other
AT5G58600,AT5G58600,other
AT5G58720,AT5G58720,other
AT5G58770,AT5G58770,other
AT5G58900,AT5G58900,MYB_related
AT5G58980,AT5G58980,other
AT5G59070,AT5G59070,other
AT5G59290,AT5G59290,other
AT5G59430,AT5G59430,other
AT5G59470,AT5G59470,other
AT5G59580,AT5G59580,other
AT5G59750,AT5G59750,other
AT5G60580,AT5G60580,other
AT5G60590,AT5G60590,other
AT5G60610,AT5G60610,other
AT5G60680,AT5G60680,other
AT5G60730,AT5G60730,other
AT5G60770,AT5G60770,other
AT5G61350,AT5G61350,other
AT5G61530,AT5G61530,other
AT5G61590,AT5G61590,other
AT5G61620,AT5G61620,MYB_related
AT5G61770,AT5G61770,other
AT5G61830,AT5G61830,other
AT5G61910,AT5G61910,other
AT5G62160,AT5G62160,other
AT5G62300,AT5G62300,other
AT5G62310,AT5G62310,other
AT5G62460,AT5G62460,other
AT5G62575,AT5G62575,other
AT5G62950,AT5G62950,other
AT5G63180,AT5G63180,other
AT5G63370,AT5G63370,other
AT5G63440,AT5G63440,other
AT5G63550,AT5G63550,other
AT5G63970,AT5G63970,other
AT5G64460,AT5G64460,other
AT5G64490,AT5G64490,other
AT5G64710,AT5G64710,other
AT5G64750,AT5G64750,ERF
AT5G64940,AT5G64940,other
AT5G65090,AT5G65090,other
AT5G65130,AT5G65130,ERF
AT5G65140,AT5G65140,other
AT5G65260,AT5G65260,other
AT5G65613,AT5G65613,other
AT5G65720,AT5G65720,other
AT5G65740,AT5G65740,other
AT5G65860,AT5G65860,other
AT5G66080,AT5G66080,other
AT5G66240,AT5G66240,other
AT5G66270,AT5G66270,other
AT5G66350,AT5G66350,other
AT5G66530,AT5G66530,other
AT5G66570,AT5G66570,other
AT5G66580,AT5G66580,other
AT5G66620,AT5G66620,other
AT5G66630,AT5G66630,other
AT5G66880,AT5G66880,other
AT5G67090,AT5G67090,other
AT5G67190,AT5G67190,ERF
AT5G67300,AT5G67300,other
AT5G67410,AT5G67410,other
AT5G67580,AT5G67580,MYB_related
